{
  "test_loss": 0.6289788484573364,
  "test_accuracy": 0.7230426073074341,
  "test_accuracy_percent": 72.30426073074341,
  "emotions": [
    "Anxious",
    "Confused",
    "Bored",
    "Focused"
  ],
  "precision": [
    0.7086783195338853,
    0.8040816326530612,
    0.8518518518518519,
    0.7167519181585678
  ],
  "recall": [
    0.7188180404354588,
    0.7111913357400722,
    0.4144144144144144,
    0.7421383647798742
  ],
  "f1": [
    0.7137121680049413,
    0.7547892720306514,
    0.5575757575757576,
    0.729224264107985
  ],
  "support": [
    3215,
    831,
    111,
    3021
  ]
}