{
  "loss": [
    1.2145010232925415,
    1.0186549425125122,
    0.9425703287124634,
    0.868198573589325,
    0.8173037767410278,
    0.7822303175926208,
    0.7630409598350525,
    0.7452829480171204,
    0.7229382991790771,
    0.7089909911155701,
    0.6923586130142212,
    0.6824043989181519,
    0.6733402013778687,
    0.6561974287033081,
    0.6458394527435303,
    0.6383568644523621,
    0.626680850982666,
    0.6201423406600952,
    0.6096121072769165,
    0.5949015617370605,
    0.5806537866592407,
    0.5820220112800598,
    0.585166335105896,
    0.5677536725997925,
    0.5532420873641968
  ],
  "accuracy": [
    0.419694185256958,
    0.46459299325942993,
    0.5275697708129883,
    0.5949353575706482,
    0.6269114017486572,
    0.6517468094825745,
    0.6592009663581848,
    0.6683270335197449,
    0.6766518950462341,
    0.6895398497581482,
    0.6959490180015564,
    0.6968894600868225,
    0.7041694521903992,
    0.7128775119781494,
    0.7177888751029968,
    0.723292350769043,
    0.7274025678634644,
    0.7275418639183044,
    0.737260103225708,
    0.7438782453536987,
    0.7483716011047363,
    0.7464209794998169,
    0.7453759908676147,
    0.7562088370323181,
    0.7625483274459839
  ]
}